Date,State,Turnout_Rate
11/4/80,Alabama,
11/4/80,Alaska,0.602
11/4/80,Arizona,0.475
11/4/80,Arkansas,
11/4/80,California,0.562
11/4/80,Colorado,0.591
11/4/80,Connecticut,0.647
11/4/80,Delaware,0.568
11/4/80,District of Columbia,0.379
11/4/80,Florida,
11/4/80,Georgia,
11/4/80,Hawaii,0.492
11/4/80,Idaho,0.704
11/4/80,Illinois,0.619
11/4/80,Indiana,0.592
11/4/80,Iowa,0.635
11/4/80,Kansas,
11/4/80,Kentucky,
11/4/80,Louisiana,
11/4/80,Maine,
11/4/80,Maryland,0.525
11/4/80,Massachusetts,0.624
11/4/80,Michigan,0.624
11/4/80,Minnesota,0.721
11/4/80,Mississippi,
11/4/80,Missouri,
11/4/80,Montana,0.671
11/4/80,Nebraska,0.584
11/4/80,Nevada,0.519
11/4/80,New Hampshire,0.609
11/4/80,New Jersey,0.585
11/4/80,New Mexico,0.532
11/4/80,New York,0.53
11/4/80,North Carolina,
11/4/80,North Dakota,0.68
11/4/80,Ohio,0.573
11/4/80,Oklahoma,0.542
11/4/80,Oregon,0.643
11/4/80,Pennsylvania,
11/4/80,Rhode Island,0.627
11/4/80,South Carolina,0.424
11/4/80,South Dakota,
11/4/80,Tennessee,
11/4/80,Texas,
11/4/80,United States,0
11/4/80,Utah,0.666
11/4/80,Vermont,0.593
11/4/80,Virginia,
11/4/80,Washington,0.606
11/4/80,West Virginia,0.535
11/4/80,Wisconsin,
11/4/80,Wyoming,0.554
11/2/82,Alabama,
11/2/82,Alaska,0.649
11/2/82,Arizona,0.368
11/2/82,Arkansas,
11/2/82,California,0.499
11/2/82,Colorado,0.473
11/2/82,Connecticut,0.494
11/2/82,Delaware,0.455
11/2/82,District of Columbia,
11/2/82,Florida,
11/2/82,Georgia,
11/2/82,Hawaii,0.485
11/2/82,Idaho,0.511
11/2/82,Illinois,0.488
11/2/82,Indiana,0.473
11/2/82,Iowa,0.508
11/2/82,Kansas,
11/2/82,Kentucky,
11/2/82,Louisiana,
11/2/82,Maine,
11/2/82,Maryland,0.392
11/2/82,Massachusetts,0.503
11/2/82,Michigan,0.493
11/2/82,Minnesota,0.623
11/2/82,Mississippi,
11/2/82,Missouri,
11/2/82,Montana,0.576
11/2/82,Nebraska,0.496
11/2/82,Nevada,0.391
11/2/82,New Hampshire,0.421
11/2/82,New Jersey,0.438
11/2/82,New Mexico,0.455
11/2/82,New York,0.449
11/2/82,North Carolina,
11/2/82,North Dakota,0.572
11/2/82,Ohio,0.462
11/2/82,Oklahoma,0.391
11/2/82,Oregon,0.561
11/2/82,Pennsylvania,
11/2/82,Rhode Island,0.542
11/2/82,South Carolina,0.304
11/2/82,South Dakota,
11/2/82,Tennessee,
11/2/82,Texas,
11/2/82,United States,0
11/2/82,Utah,0.558
11/2/82,Vermont,0.461
11/2/82,Virginia,
11/2/82,Washington,0.468
11/2/82,West Virginia,
11/2/82,Wisconsin,
11/2/82,Wyoming,0.5
11/6/84,Alabama,
11/6/84,Alaska,0.621
11/6/84,Arizona,0.489
11/6/84,Arkansas,
11/6/84,California,0.589
11/6/84,Colorado,0.592
11/6/84,Connecticut,0.648
11/6/84,Delaware,0.584
11/6/84,District of Columbia,0.465
11/6/84,Florida,
11/6/84,Georgia,
11/6/84,Hawaii,0.503
11/6/84,Idaho,0.637
11/6/84,Illinois,0.627
11/6/84,Indiana,0.579
11/6/84,Iowa,0.651
11/6/84,Kansas,
11/6/84,Kentucky,
11/6/84,Louisiana,
11/6/84,Maine,
11/6/84,Maryland,0.545
11/6/84,Massachusetts,0.607
11/6/84,Michigan,0.606
11/6/84,Minnesota,0.709
11/6/84,Mississippi,
11/6/84,Missouri,
11/6/84,Montana,0.682
11/6/84,Nebraska,0.591
11/6/84,Nevada,0.448
11/6/84,New Hampshire,0.566
11/6/84,New Jersey,0.605
11/6/84,New Mexico,0.546
11/6/84,New York,0.572
11/6/84,North Carolina,
11/6/84,North Dakota,0.672
11/6/84,Ohio,0.603
11/6/84,Oklahoma,0.555
11/6/84,Oregon,0.664
11/6/84,Pennsylvania,
11/6/84,Rhode Island,0.606
11/6/84,South Carolina,0.437
11/6/84,South Dakota,
11/6/84,Tennessee,
11/6/84,Texas,
11/6/84,United States,0
11/6/84,Utah,0.643
11/6/84,Vermont,0.616
11/6/84,Virginia,
11/6/84,Washington,0.629
11/6/84,West Virginia,
11/6/84,Wisconsin,
11/6/84,Wyoming,0.579
11/4/86,Alabama,
11/4/86,Alaska,0.519
11/4/86,Arizona,0.384
11/4/86,Arkansas,
11/4/86,California,0.444
11/4/86,Colorado,0.475
11/4/86,Connecticut,0.437
11/4/86,Delaware,0.363
11/4/86,District of Columbia,0.288
11/4/86,Florida,
11/4/86,Georgia,
11/4/86,Hawaii,0.481
11/4/86,Idaho,0.593
11/4/86,Illinois,0.42
11/4/86,Indiana,0.411
11/4/86,Iowa,0.456
11/4/86,Kansas,
11/4/86,Kentucky,
11/4/86,Louisiana,
11/4/86,Maine,
11/4/86,Maryland,0.361
11/4/86,Massachusetts,0.411
11/4/86,Michigan,0.378
11/4/86,Minnesota,0.482
11/4/86,Mississippi,
11/4/86,Missouri,
11/4/86,Montana,0.571
11/4/86,Nebraska,0.515
11/4/86,Nevada,0.378
11/4/86,New Hampshire,0.338
11/4/86,New Jersey,0.304
11/4/86,New Mexico,0.414
11/4/86,New York,0.365
11/4/86,North Carolina,
11/4/86,North Dakota,0.623
11/4/86,Ohio,0.466
11/4/86,Oklahoma,0.408
11/4/86,Oregon,0.564
11/4/86,Pennsylvania,
11/4/86,Rhode Island,0.454
11/4/86,South Carolina,0.319
11/4/86,South Dakota,
11/4/86,Tennessee,
11/4/86,Texas,
11/4/86,United States,0
11/4/86,Utah,0.435
11/4/86,Vermont,0.543
11/4/86,Virginia,
11/4/86,Washington,0.431
11/4/86,West Virginia,0.328
11/4/86,Wisconsin,
11/4/86,Wyoming,0.513
11/8/88,Alabama,
11/8/88,Alaska,0.573
11/8/88,Arizona,0.491
11/8/88,Arkansas,
11/8/88,California,0.575
11/8/88,Colorado,0.608
11/8/88,Connecticut,0.614
11/8/88,Delaware,0.54
11/8/88,District of Columbia,0.435
11/8/88,Florida,
11/8/88,Georgia,
11/8/88,Hawaii,0.498
11/8/88,Idaho,0.631
11/8/88,Illinois,0.591
11/8/88,Indiana,0.556
11/8/88,Iowa,0.614
11/8/88,Kansas,
11/8/88,Kentucky,
11/8/88,Louisiana,
11/8/88,Maine,
11/8/88,Maryland,0.525
11/8/88,Massachusetts,0.613
11/8/88,Michigan,0.567
11/8/88,Minnesota,0.688
11/8/88,Mississippi,
11/8/88,Missouri,
11/8/88,Montana,0.667
11/8/88,Nebraska,0.603
11/8/88,Nevada,0.461
11/8/88,New Hampshire,0.578
11/8/88,New Jersey,0.571
11/8/88,New Mexico,0.534
11/8/88,New York,0.54
11/8/88,North Carolina,
11/8/88,North Dakota,0.662
11/8/88,Ohio,0.573
11/8/88,Oklahoma,0.531
11/8/88,Oregon,0.623
11/8/88,Pennsylvania,
11/8/88,Rhode Island,0.576
11/8/88,South Carolina,0.425
11/8/88,South Dakota,
11/8/88,Tennessee,
11/8/88,Texas,
11/8/88,United States,0
11/8/88,Utah,0.634
11/8/88,Vermont,0.667
11/8/88,Virginia,
11/8/88,Washington,0.586
11/8/88,West Virginia,
11/8/88,Wisconsin,
11/8/88,Wyoming,0.592
11/6/90,Alabama,
11/6/90,Alaska,0.542
11/6/90,Arizona,0.434
11/6/90,Arkansas,
11/6/90,California,0.435
11/6/90,Colorado,0.442
11/6/90,Connecticut,0.486
11/6/90,Delaware,0.378
11/6/90,District of Columbia,0.389
11/6/90,Florida,
11/6/90,Georgia,
11/6/90,Hawaii,0.459
11/6/90,Idaho,0.476
11/6/90,Illinois,0.426
11/6/90,Indiana,0.384
11/6/90,Iowa,0.495
11/6/90,Kansas,0.452
11/6/90,Kentucky,
11/6/90,Louisiana,
11/6/90,Maine,
11/6/90,Maryland,0.345
11/6/90,Massachusetts,0.553
11/6/90,Michigan,0.395
11/6/90,Minnesota,0.588
11/6/90,Mississippi,
11/6/90,Missouri,
11/6/90,Montana,0.57
11/6/90,Nebraska,0.534
11/6/90,Nevada,0.38
11/6/90,New Hampshire,0.378
11/6/90,New Jersey,0.368
11/6/90,New Mexico,0.418
11/6/90,New York,0.35
11/6/90,North Carolina,
11/6/90,North Dakota,0.52
11/6/90,Ohio,0.454
11/6/90,Oklahoma,0.413
11/6/90,Oregon,0.551
11/6/90,Pennsylvania,
11/6/90,Rhode Island,0.517
11/6/90,South Carolina,0.313
11/6/90,South Dakota,
11/6/90,Tennessee,
11/6/90,Texas,
11/6/90,United States,0
11/6/90,Utah,0.422
11/6/90,Vermont,0.523
11/6/90,Virginia,
11/6/90,Washington,0.398
11/6/90,West Virginia,
11/6/90,Wisconsin,
11/6/90,Wyoming,0.525
11/3/92,Alabama,
11/3/92,Alaska,0.671
11/3/92,Arizona,0.567
11/3/92,Arkansas,
11/3/92,California,0.616
11/3/92,Colorado,0.64
11/3/92,Connecticut,0.698
11/3/92,Delaware,0.583
11/3/92,District of Columbia,0.542
11/3/92,Florida,0.572
11/3/92,Georgia,
11/3/92,Hawaii,0.482
11/3/92,Idaho,0.669
11/3/92,Illinois,0.636
11/3/92,Indiana,0.564
11/3/92,Iowa,0.661
11/3/92,Kansas,0.641
11/3/92,Kentucky,
11/3/92,Louisiana,0.6
11/3/92,Maine,
11/3/92,Maryland,0.581
11/3/92,Massachusetts,0.649
11/3/92,Michigan,0.64
11/3/92,Minnesota,0.739
11/3/92,Mississippi,0.543
11/3/92,Missouri,
11/3/92,Montana,0.704
11/3/92,Nebraska,0.648
11/3/92,Nevada,0.546
11/3/92,New Hampshire,0.67
11/3/92,New Jersey,0.62
11/3/92,New Mexico,0.55
11/3/92,New York,0.578
11/3/92,North Carolina,
11/3/92,North Dakota,0.681
11/3/92,Ohio,0.625
11/3/92,Oklahoma,0.635
11/3/92,Oregon,0.699
11/3/92,Pennsylvania,
11/3/92,Rhode Island,
11/3/92,South Carolina,0.473
11/3/92,South Dakota,
11/3/92,Tennessee,
11/3/92,Texas,
11/3/92,United States,0
11/3/92,Utah,0.675
11/3/92,Vermont,0.697
11/3/92,Virginia,
11/3/92,Washington,0.65
11/3/92,West Virginia,
11/3/92,Wisconsin,
11/3/92,Wyoming,0.628
11/8/94,Alabama,
11/8/94,Alaska,0.542
11/8/94,Arizona,0.399
11/8/94,Arkansas,
11/8/94,California,0.482
11/8/94,Colorado,0.443
11/8/94,Connecticut,0.498
11/8/94,Delaware,0.393
11/8/94,District of Columbia,0.452
11/8/94,Florida,0.439
11/8/94,Georgia,
11/8/94,Hawaii,0.466
11/8/94,Idaho,0.535
11/8/94,Illinois,0.394
11/8/94,Indiana,0.38
11/8/94,Iowa,0.492
11/8/94,Kansas,0.455
11/8/94,Kentucky,0.292
11/8/94,Louisiana,0.294
11/8/94,Maine,
11/8/94,Maryland,0.413
11/8/94,Massachusetts,0.513
11/8/94,Michigan,0.463
11/8/94,Minnesota,0.552
11/8/94,Mississippi,0.326
11/8/94,Missouri,
11/8/94,Montana,0.578
11/8/94,Nebraska,0.51
11/8/94,Nevada,0.374
11/8/94,New Hampshire,0.385
11/8/94,New Jersey,0.395
11/8/94,New Mexico,0.431
11/8/94,New York,0.437
11/8/94,North Carolina,
11/8/94,North Dakota,0.513
11/8/94,Ohio,0.435
11/8/94,Oklahoma,0.431
11/8/94,Oregon,0.563
11/8/94,Pennsylvania,
11/8/94,Rhode Island,
11/8/94,South Carolina,0.357
11/8/94,South Dakota,0.613
11/8/94,Tennessee,
11/8/94,Texas,
11/8/94,United States,0
11/8/94,Utah,0.427
11/8/94,Vermont,0.508
11/8/94,Virginia,
11/8/94,Washington,0.467
11/8/94,West Virginia,0.319
11/8/94,Wisconsin,
11/8/94,Wyoming,0.605
11/5/96,Alabama,
11/5/96,Alaska,0.607
11/5/96,Arizona,0.465
11/5/96,Arkansas,
11/5/96,California,0.55
11/5/96,Colorado,
11/5/96,Connecticut,0.604
11/5/96,Delaware,0.525
11/5/96,District of Columbia,0.474
11/5/96,Florida,0.533
11/5/96,Georgia,0.458
11/5/96,Hawaii,0.451
11/5/96,Idaho,0.616
11/5/96,Illinois,0.538
11/5/96,Indiana,0.51
11/5/96,Iowa,0.597
11/5/96,Kansas,0.578
11/5/96,Kentucky,0.493
11/5/96,Louisiana,0.584
11/5/96,Maine,
11/5/96,Maryland,0.508
11/5/96,Massachusetts,0.593
11/5/96,Michigan,0.563
11/5/96,Minnesota,0.666
11/5/96,Mississippi,
11/5/96,Missouri,
11/5/96,Montana,0.647
11/5/96,Nebraska,0.578
11/5/96,Nevada,0.412
11/5/96,New Hampshire,0.601
11/5/96,New Jersey,0.569
11/5/96,New Mexico,0.495
11/5/96,New York,0.529
11/5/96,North Carolina,
11/5/96,North Dakota,0.571
11/5/96,Ohio,0.567
11/5/96,Oklahoma,0.514
11/5/96,Oregon,0.606
11/5/96,Pennsylvania,
11/5/96,Rhode Island,
11/5/96,South Carolina,0.441
11/5/96,South Dakota,0.622
11/5/96,Tennessee,
11/5/96,Texas,
11/5/96,United States,
11/5/96,Utah,0.521
11/5/96,Vermont,0.6
11/5/96,Virginia,0.513
11/5/96,Washington,0.599
11/5/96,West Virginia,0.471
11/5/96,Wisconsin,
11/5/96,Wyoming,0.625
11/3/98,Alabama,
11/3/98,Alaska,0.556
11/3/98,Arizona,0.321
11/3/98,Arkansas,
11/3/98,California,0.447
11/3/98,Colorado,
11/3/98,Connecticut,0.437
11/3/98,Delaware,
11/3/98,District of Columbia,0.345
11/3/98,Florida,0.384
11/3/98,Georgia,0.346
11/3/98,Hawaii,0.496
11/3/98,Idaho,0.458
11/3/98,Illinois,0.427
11/3/98,Indiana,0.372
11/3/98,Iowa,0.461
11/3/98,Kansas,0.397
11/3/98,Kentucky,0.415
11/3/98,Louisiana,0.32
11/3/98,Maine,
11/3/98,Maryland,0.436
11/3/98,Massachusetts,0.437
11/3/98,Michigan,0.449
11/3/98,Minnesota,0.623
11/3/98,Mississippi,
11/3/98,Missouri,
11/3/98,Montana,0.518
11/3/98,Nebraska,0.486
11/3/98,Nevada,0.357
11/3/98,New Hampshire,0.376
11/3/98,New Jersey,0.344
11/3/98,New Mexico,0.431
11/3/98,New York,0.407
11/3/98,North Carolina,
11/3/98,North Dakota,0.457
11/3/98,Ohio,0.429
11/3/98,Oklahoma,
11/3/98,Oregon,0.49
11/3/98,Pennsylvania,
11/3/98,Rhode Island,0.428
11/3/98,South Carolina,0.387
11/3/98,South Dakota,0.498
11/3/98,Tennessee,0.251
11/3/98,Texas,
11/3/98,United States,0.393
11/3/98,Utah,0.367
11/3/98,Vermont,0.504
11/3/98,Virginia,
11/3/98,Washington,0.493
11/3/98,West Virginia,0.292
11/3/98,Wisconsin,
11/3/98,Wyoming,0.51
11/7/00,Alabama,
11/7/00,Alaska,0.687
11/7/00,Arizona,0.464
11/7/00,Arkansas,
11/7/00,California,0.566
11/7/00,Colorado,
11/7/00,Connecticut,0.625
11/7/00,Delaware,
11/7/00,District of Columbia,
11/7/00,Florida,0.575
11/7/00,Georgia,0.476
11/7/00,Hawaii,0.446
11/7/00,Idaho,0.589
11/7/00,Illinois,0.585
11/7/00,Indiana,0.508
11/7/00,Iowa,
11/7/00,Kansas,0.567
11/7/00,Kentucky,0.531
11/7/00,Louisiana,0.567
11/7/00,Maine,
11/7/00,Maryland,0.558
11/7/00,Massachusetts,0.606
11/7/00,Michigan,0.605
11/7/00,Minnesota,0.701
11/7/00,Mississippi,
11/7/00,Missouri,
11/7/00,Montana,0.626
11/7/00,Nebraska,0.578
11/7/00,Nevada,0.456
11/7/00,New Hampshire,0.65
11/7/00,New Jersey,0.588
11/7/00,New Mexico,0.499
11/7/00,New York,0.562
11/7/00,North Carolina,0.525
11/7/00,North Dakota,0.611
11/7/00,Ohio,0.578
11/7/00,Oklahoma,
11/7/00,Oregon,0.659
11/7/00,Pennsylvania,
11/7/00,Rhode Island,0.547
11/7/00,South Carolina,0.487
11/7/00,South Dakota,0.587
11/7/00,Tennessee,0.505
11/7/00,Texas,0.492
11/7/00,United States,0.553
11/7/00,Utah,0.548
11/7/00,Vermont,0.647
11/7/00,Virginia,0.55
11/7/00,Washington,0.614
11/7/00,West Virginia,
11/7/00,Wisconsin,
11/7/00,Wyoming,0.614
11/5/02,Alabama,
11/5/02,Alaska,0.545
11/5/02,Arizona,0.367
11/5/02,Arkansas,0.417
11/5/02,California,0.373
11/5/02,Colorado,0.466
11/5/02,Connecticut,0.451
11/5/02,Delaware,
11/5/02,District of Columbia,
11/5/02,Florida,0.459
11/5/02,Georgia,
11/5/02,Hawaii,0.442
11/5/02,Idaho,0.452
11/5/02,Illinois,0.428
11/5/02,Indiana,0.348
11/5/02,Iowa,0.487
11/5/02,Kansas,0.449
11/5/02,Kentucky,
11/5/02,Louisiana,0.401
11/5/02,Maine,
11/5/02,Maryland,0.468
11/5/02,Massachusetts,0.498
11/5/02,Michigan,0.45
11/5/02,Minnesota,
11/5/02,Mississippi,
11/5/02,Missouri,
11/5/02,Montana,0.497
11/5/02,Nebraska,
11/5/02,Nevada,0.368
11/5/02,New Hampshire,0.487
11/5/02,New Jersey,0.389
11/5/02,New Mexico,0.4
11/5/02,New York,0.37
11/5/02,North Carolina,
11/5/02,North Dakota,0.498
11/5/02,Ohio,0.403
11/5/02,Oklahoma,
11/5/02,Oregon,0.518
11/5/02,Pennsylvania,
11/5/02,Rhode Island,0.454
11/5/02,South Carolina,
11/5/02,South Dakota,0.612
11/5/02,Tennessee,
11/5/02,Texas,0.345
11/5/02,United States,0.405
11/5/02,Utah,0.378
11/5/02,Vermont,0.494
11/5/02,Virginia,0.323
11/5/02,Washington,0.435
11/5/02,West Virginia,0.315
11/5/02,Wisconsin,
11/5/02,Wyoming,0.508
1/13/04,District of Columbia,0.097
1/19/04,Iowa,0.061
1/27/04,New Hampshire,0.299
2/3/04,Arizona,0.065
2/3/04,Delaware,0.056
2/3/04,Missouri,0.129
2/3/04,New Mexico,
2/3/04,North Dakota,
2/3/04,Oklahoma,0.145
2/3/04,South Carolina,0.094
2/3/04,Virginia,
2/7/04,Michigan,
2/7/04,Washington,
2/8/04,Maine,
2/10/04,District of Columbia,
2/10/04,Tennessee,0.109
2/10/04,Virginia,0.075
2/14/04,Nevada,
2/17/04,Wisconsin,0.246
2/24/04,Hawaii,
2/24/04,Idaho,
2/24/04,Michigan,
2/24/04,Utah,
3/2/04,California,0.31
3/2/04,Connecticut,0.057
3/2/04,Georgia,0.135
3/2/04,Maryland,0.166
3/2/04,Massachusetts,0.151
3/2/04,Minnesota,
3/2/04,New York,
3/2/04,Ohio,0.282
3/2/04,Rhode Island,
3/2/04,Vermont,
3/9/04,Florida,
3/9/04,Louisiana,
3/9/04,Mississippi,
3/9/04,Texas,0.11
3/13/04,Kansas,
3/16/04,Illinois,
3/20/04,Wyoming ,
4/13/04,Colorado,
4/27/04,Pennsylvania,
5/4/04,Indiana,
5/4/04,North Carolina,
5/11/04,Nebraska,
5/11/04,West Virginia,
5/18/04,Arkansas,
5/18/04,Kentucky,
5/18/04,Oregon,
5/25/04,Idaho,
6/1/04,Alabama,
6/1/04,New Mexico,
6/1/04,South Dakota,
6/6/04,Hawaii,
6/8/04,Montana,
6/9/04,New Jersey,
11/2/04,Alabama,0.574
11/2/04,Alaska,0.696
11/2/04,Arizona,0.548
11/2/04,Arkansas,0.544
11/2/04,California,0.596
11/2/04,Colorado,0.673
11/2/04,Connecticut,0.662
11/2/04,Delaware,0.645
11/2/04,District of Columbia,0.549
11/2/04,Florida,0.647
11/2/04,Georgia,0.564
11/2/04,Hawaii,0.485
11/2/04,Idaho,0.648
11/2/04,Illinois,0.624
11/2/04,Indiana,0.558
11/2/04,Iowa,0.706
11/2/04,Kansas,0.629
11/2/04,Kentucky,0.594
11/2/04,Louisiana,0.615
11/2/04,Maine,0.749
11/2/04,Maryland,0.631
11/2/04,Massachusetts,0.646
11/2/04,Michigan,0.671
11/2/04,Minnesota,0.788
11/2/04,Mississippi,
11/2/04,Missouri,0.661
11/2/04,Montana,0.652
11/2/04,Nebraska,0.641
11/2/04,Nevada,0.554
11/2/04,New Hampshire,0.715
11/2/04,New Jersey,0.642
11/2/04,New Mexico,0.604
11/2/04,New York,0.585
11/2/04,North Carolina,0.587
11/2/04,North Dakota,0.655
11/2/04,Ohio,0.679
11/2/04,Oklahoma,
11/2/04,Oregon,0.726
11/2/04,Pennsylvania,
11/2/04,Rhode Island,0.589
11/2/04,South Carolina,0.532
11/2/04,South Dakota,0.694
11/2/04,Tennessee,0.568
11/2/04,Texas,
11/2/04,United States,0.607
11/2/04,Utah,0.598
11/2/04,Vermont,0.667
11/2/04,Virginia,0.611
11/2/04,Washington,0.675
11/2/04,West Virginia,0.551
11/2/04,Wisconsin,0.753
11/2/04,Wyoming,0.663
11/7/06,Alabama,
11/7/06,Alaska,0.512
11/7/06,Arizona,0.396
11/7/06,Arkansas,0.389
11/7/06,California,0.412
11/7/06,Colorado,0.481
11/7/06,Connecticut,0.477
11/7/06,Delaware,0.429
11/7/06,District of Columbia,0.287
11/7/06,Florida,0.401
11/7/06,Georgia,0.351
11/7/06,Hawaii,0.384
11/7/06,Idaho,0.462
11/7/06,Illinois,0.414
11/7/06,Indiana,0.377
11/7/06,Iowa,0.492
11/7/06,Kansas,0.443
11/7/06,Kentucky,0.442
11/7/06,Louisiana,0.314
11/7/06,Maine,
11/7/06,Maryland,0.472
11/7/06,Massachusetts,0.493
11/7/06,Michigan,0.528
11/7/06,Minnesota,0.605
11/7/06,Mississippi,
11/7/06,Missouri,0.512
11/7/06,Montana,0.571
11/7/06,Nebraska,0.488
11/7/06,Nevada,0.371
11/7/06,New Hampshire,0.429
11/7/06,New Jersey,0.406
11/7/06,New Mexico,0.431
11/7/06,New York,0.365
11/7/06,North Carolina,0.325
11/7/06,North Dakota,0.454
11/7/06,Ohio,0.495
11/7/06,Oklahoma,
11/7/06,Oregon,0.532
11/7/06,Pennsylvania,
11/7/06,Rhode Island,0.521
11/7/06,South Carolina,0.354
11/7/06,South Dakota,0.588
11/7/06,Tennessee,0.421
11/7/06,Texas,
11/7/06,United States,0.413
11/7/06,Utah,0.35
11/7/06,Vermont,0.55
11/7/06,Virginia,0.445
11/7/06,Washington,0.473
11/7/06,West Virginia,0.338
11/7/06,Wisconsin,0.537
11/7/06,Wyoming,0.518
1/3/08,Iowa,0.161
1/5/08,Wyoming,
1/8/08,New Hampshire,0.536
1/15/08,Michigan,0.2
1/19/08,Nevada,0.097
1/19/08,South Carolina,
1/26/08,South Carolina,0.303
1/29/08,Florida,0.34
2/1/08,Maine,
2/5/08,Alabama,0.322
2/5/08,Alaska,0.05
2/5/08,Arizona,0.242
2/5/08,Arkansas,0.268
2/5/08,California,0.4
2/5/08,Colorado,0.054
2/5/08,Connecticut,0.205
2/5/08,Delaware,0.238
2/5/08,Georgia,0.32
2/5/08,Idaho,
2/5/08,Illinois,0.338
2/5/08,Kansas,
2/5/08,Massachusetts,0.382
2/5/08,Minnesota,0.074
2/5/08,Missouri,0.33
2/5/08,Montana,
2/5/08,New Jersey,0.292
2/5/08,New Mexico,
2/5/08,New York,0.195
2/5/08,North Dakota,0.059
2/5/08,Oklahoma,0.291
2/5/08,Tennessee,0.261
2/5/08,Utah,0.247
2/5/08,West Virginia,
2/9/08,Kansas,0.029
2/9/08,Louisiana,0.177
2/9/08,Nebraska,
2/9/08,Washington,
2/10/08,Maine,0.049
2/12/08,District of Columbia,0.301
2/12/08,Maryland,0.315
2/12/08,Virginia,0.269
2/19/08,Hawaii,
2/19/08,Washington,0.306
2/19/08,Wisconsin,0.371
3/4/08,Ohio,0.424
3/4/08,Rhode Island,0.284
3/4/08,Texas,0.284
3/4/08,Vermont,0.407
3/8/08,Wyoming,0.026
3/11/08,Mississippi,0.275
4/22/08,Pennsylvania,0.34
5/6/08,Indiana,0.373
5/6/08,North Carolina,0.328
5/13/08,Nebraska,0.205
5/14/08,West Virginia,0.325
5/20/08,Kentucky,0.292
5/21/08,Oregon,0.432
5/27/08,Idaho,0.177
6/3/08,Montana,0.387
6/4/08,New Mexico,0.193
6/5/08,South Dakota,0.284
11/4/08,Alabama,0.61
11/4/08,Alaska,0.683
11/4/08,Arizona,0.574
11/4/08,Arkansas,0.529
11/4/08,California,0.617
11/4/08,Colorado,0.716
11/4/08,Connecticut,
11/4/08,Delaware,0.658
11/4/08,District of Columbia,0.617
11/4/08,Florida,0.666
11/4/08,Georgia,0.627
11/4/08,Hawaii,0.49
11/4/08,Idaho,0.648
11/4/08,Illinois,0.643
11/4/08,Indiana,0.603
11/4/08,Iowa,0.697
11/4/08,Kansas,0.635
11/4/08,Kentucky,0.59
11/4/08,Louisiana,0.618
11/4/08,Maine,0.718
11/4/08,Maryland,0.678
11/4/08,Massachusetts,0.673
11/4/08,Michigan,0.697
11/4/08,Minnesota,0.781
11/4/08,Mississippi,
11/4/08,Missouri,0.682
11/4/08,Montana,0.671
11/4/08,Nebraska,0.637
11/4/08,Nevada,0.572
11/4/08,New Hampshire,0.725
11/4/08,New Jersey,0.677
11/4/08,New Mexico,0.612
11/4/08,New York,0.596
11/4/08,North Carolina,0.661
11/4/08,North Dakota,0.636
11/4/08,Ohio,0.678
11/4/08,Oklahoma,0.563
11/4/08,Oregon,0.683
11/4/08,Pennsylvania,0.642
11/4/08,Rhode Island,0.623
11/4/08,South Carolina,0.582
11/4/08,South Dakota,0.656
11/4/08,Tennessee,0.574
11/4/08,Texas,
11/4/08,United States,0.622
11/4/08,Utah,0.571
11/4/08,Vermont,0.677
11/4/08,Virginia,0.676
11/4/08,Washington,0.673
11/4/08,West Virginia,0.512
11/4/08,Wisconsin,0.727
11/4/08,Wyoming,0.631
11/2/10,Alabama,0.433
11/2/10,Alaska,0.529
11/2/10,Arizona,0.416
11/2/10,Arkansas,0.379
11/2/10,California,0.459
11/2/10,Colorado,0.517
11/2/10,Connecticut,0.459
11/2/10,Delaware,0.49
11/2/10,District of Columbia,0.296
11/2/10,Florida,0.422
11/2/10,Georgia,0.406
11/2/10,Hawaii,0.403
11/2/10,Idaho,0.429
11/2/10,Illinois,0.431
11/2/10,Indiana,0.381
11/2/10,Iowa,0.507
11/2/10,Kansas,0.426
11/2/10,Kentucky,0.443
11/2/10,Louisiana,0.4
11/2/10,Maine,0.559
11/2/10,Maryland,0.467
11/2/10,Massachusetts,0.494
11/2/10,Michigan,0.451
11/2/10,Minnesota,0.558
11/2/10,Mississippi,
11/2/10,Missouri,0.457
11/2/10,Montana,0.484
11/2/10,Nebraska,0.387
11/2/10,Nevada,0.414
11/2/10,New Hampshire,0.461
11/2/10,New Jersey,0.377
11/2/10,New Mexico,0.447
11/2/10,New York,0.363
11/2/10,North Carolina,0.398
11/2/10,North Dakota,0.466
11/2/10,Ohio,0.462
11/2/10,Oklahoma,0.391
11/2/10,Oregon,0.539
11/2/10,Pennsylvania,0.424
11/2/10,Rhode Island,0.454
11/2/10,South Carolina,0.403
11/2/10,South Dakota,0.539
11/2/10,Tennessee,0.351
11/2/10,Texas,0.327
11/2/10,United States,0.418
11/2/10,Utah,0.368
11/2/10,Vermont,0.498
11/2/10,Virginia,0.391
11/2/10,Washington,0.543
11/2/10,West Virginia,0.372
11/2/10,Wisconsin,0.524
11/2/10,Wyoming,0.46
1/3/12,Iowa,0.065
1/10/12,New Hampshire,0.311
1/21/12,Nevada,
1/21/12,South Carolina,0.176
1/31/12,Florida,0.128
2/4/12,Maine,0.006
2/4/12,Nevada,0.019
2/7/12,Colorado,0.018
2/7/12,Minnesota,0.013
2/7/12,Missouri,0.074
2/28/12,Arizona,0.119
2/28/12,Michigan,0.165
3/3/12,Washington,0.011
3/6/12,Alaska,0.028
3/6/12,Georgia,0.158
3/6/12,Idaho,0.041
3/6/12,Massachusetts,0.112
3/6/12,Minnesota,0.005
3/6/12,North Dakota,0.022
3/6/12,Ohio,0.204
3/6/12,Oklahoma,0.147
3/6/12,Tennessee,0.134
3/6/12,Vermont,0.211
3/6/12,Virginia,0.046
3/6/12,Wyoming,0.003
3/7/12,Hawaii,
3/10/12,Kansas,0.015
3/11/12,Maine,
3/13/12,Alabama,0.248
3/13/12,Hawaii,0.01
3/13/12,Mississippi,0.182
3/13/12,Utah,
3/17/12,Missouri,
3/20/12,Illinois,0.179
3/24/12,Louisiana,0.102
4/3/12,District of Columbia,0.137
4/3/12,Maryland,0.147
4/3/12,Wisconsin,0.259
4/9/12,Alaska,
4/14/12,Idaho,
4/14/12,Kansas,
4/14/12,Nebraska,
4/14/12,Wyoming,
4/15/12,Washington,
4/24/12,Connecticut,0.023
4/24/12,Delaware,0.043
4/24/12,New York,0.014
4/24/12,Pennsylvania,0.148
4/24/12,Rhode Island,0.03
5/8/12,Indiana,0.202
5/8/12,North Carolina,0.315
5/8/12,West Virginia,0.202
5/15/12,Nebraska,0.187
5/15/12,Oregon,0.219
5/19/12,Colorado,
5/22/12,Arkansas,0.159
5/22/12,Kentucky,0.128
5/29/12,Texas,0.128
6/5/12,California,0.229
6/5/12,Montana,0.311
6/5/12,New Jersey,0.088
6/5/12,New Mexico,0.166
6/5/12,North Dakota,
6/5/12,South Dakota,0.15
6/26/12,Utah,0.143
11/6/12,Alabama,
11/6/12,Alaska,0.589
11/6/12,Arizona,0.53
11/6/12,Arkansas,0.511
11/6/12,California,0.557
11/6/12,Colorado,0.706
11/6/12,Connecticut,0.614
11/6/12,Delaware,
11/6/12,District of Columbia,0.616
11/6/12,Florida,0.633
11/6/12,Georgia,0.593
11/6/12,Hawaii,0.445
11/6/12,Idaho,0.61
11/6/12,Illinois,0.593
11/6/12,Indiana,0.56
11/6/12,Iowa,0.706
11/6/12,Kansas,0.582
11/6/12,Kentucky,0.562
11/6/12,Louisiana,0.608
11/6/12,Maine,0.693
11/6/12,Maryland,0.673
11/6/12,Massachusetts,0.662
11/6/12,Michigan,0.654
11/6/12,Minnesota,0.764
11/6/12,Mississippi,
11/6/12,Missouri,
11/6/12,Montana,0.635
11/6/12,Nebraska,0.611
11/6/12,Nevada,0.565
11/6/12,New Hampshire,0.709
11/6/12,New Jersey,0.622
11/6/12,New Mexico,0.548
11/6/12,New York,0.535
11/6/12,North Carolina,0.654
11/6/12,North Dakota,0.604
11/6/12,Ohio,0.651
11/6/12,Oklahoma,
11/6/12,Oregon,0.642
11/6/12,Pennsylvania,
11/6/12,Rhode Island,
11/6/12,South Carolina,0.568
11/6/12,South Dakota,0.601
11/6/12,Tennessee,0.523
11/6/12,Texas,
11/6/12,United States,0.586
11/6/12,Utah,0.561
11/6/12,Vermont,0.612
11/6/12,Virginia,0.666
11/6/12,Washington,0.658
11/6/12,West Virginia,
11/6/12,Wisconsin,
11/6/12,Wyoming,0.59
11/4/14,Alabama,0.332
11/4/14,Alaska,0.548
11/4/14,Arizona,0.341
11/4/14,Arkansas,0.403
11/4/14,California,0.307
11/4/14,Colorado,0.547
11/4/14,Connecticut,0.425
11/4/14,Delaware,0.349
11/4/14,District of Columbia,0.357
11/4/14,Florida,0.433
11/4/14,Georgia,0.386
11/4/14,Hawaii,0.365
11/4/14,Idaho,0.398
11/4/14,Illinois,0.408
11/4/14,Indiana,0.287
11/4/14,Iowa,0.503
11/4/14,Kansas,0.433
11/4/14,Kentucky,0.449
11/4/14,Louisiana,0.449
11/4/14,Maine,0.587
11/4/14,Maryland,0.42
11/4/14,Massachusetts,0.447
11/4/14,Michigan,0.432
11/4/14,Minnesota,0.506
11/4/14,Mississippi,
11/4/14,Missouri,0.336
11/4/14,Montana,0.475
11/4/14,Nebraska,0.414
11/4/14,Nevada,0.296
11/4/14,New Hampshire,0.483
11/4/14,New Jersey,0.325
11/4/14,New Mexico,
11/4/14,New York,0.29
11/4/14,North Carolina,0.412
11/4/14,North Dakota,0.45
11/4/14,Ohio,0.362
11/4/14,Oklahoma,0.3
11/4/14,Oregon,0.534
11/4/14,Pennsylvania,0.365
11/4/14,Rhode Island,0.424
11/4/14,South Carolina,0.352
11/4/14,South Dakota,0.447
11/4/14,Tennessee,0.298
11/4/14,Texas,
11/4/14,United States,0.367
11/4/14,Utah,0.303
11/4/14,Vermont,0.408
11/4/14,Virginia,0.368
11/4/14,Washington,0.431
11/4/14,West Virginia,0.32
11/4/14,Wisconsin,0.569
11/4/14,Wyoming,0.397
2/1/16,Iowa,0.157
2/9/16,New Hampshire,0.524
2/20/16,Nevada,
2/20/16,South Carolina,
2/23/16,Nevada,0.082
2/27/16,South Carolina,0.305
3/1/16,Alabama,0.35
3/1/16,Alaska,
3/1/16,Arkansas,0.302
3/1/16,Colorado,
3/1/16,Georgia,0.299
3/1/16,Massachusetts,0.374
3/1/16,Minnesota,0.081
3/1/16,North Dakota,
3/1/16,Oklahoma,0.286
3/1/16,Tennessee,0.253
3/1/16,Texas,0.247
3/1/16,Vermont,0.398
3/1/16,Virginia,0.301
3/1/16,Wyoming,
3/5/16,Kansas,0.055
3/5/16,Kentucky,
3/5/16,Louisiana,0.19
3/5/16,Maine,
3/5/16,Nebraska,
3/6/16,Maine,0.061
3/8/16,Hawaii,
3/8/16,Idaho,
3/8/16,Michigan,0.341
3/8/16,Mississippi,0.295
3/12/16,District of Columbia,
3/15/16,Florida,0.282
3/15/16,Illinois,0.389
3/15/16,Missouri,0.348
3/15/16,North Carolina,0.316
3/15/16,Ohio,0.375
3/22/16,Arizona,0.235
3/22/16,Idaho,0.219
3/22/16,Utah,0.143
3/26/16,Alaska,0.062
3/26/16,Hawaii,0.046
3/26/16,Washington,
4/5/16,Wisconsin,0.494
4/9/16,Wyoming,
4/19/16,New York,0.212
4/26/16,Connecticut,0.21
4/26/16,Delaware,0.235
4/26/16,Maryland,0.328
4/26/16,Pennsylvania,0.337
4/26/16,Rhode Island,0.236
5/3/16,Indiana,0.365
5/10/16,Nebraska,0.172
5/10/16,West Virginia,0.311
5/17/16,Kentucky,0.205
5/17/16,Oregon,0.36
5/24/16,Washington,0.16
6/7/16,California,0.34
6/7/16,Montana,0.355
6/7/16,New Jersey,0.204
6/7/16,New Mexico,0.226
6/7/16,North Dakota,0.007
6/7/16,South Dakota,0.199
6/14/16,District of Columbia,0.202
11/8/16,Alabama,0.591
11/8/16,Alaska,0.615
11/8/16,Arizona,0.561
11/8/16,Arkansas,0.532
11/8/16,California,0.582
11/8/16,Colorado,0.719
11/8/16,Connecticut,0.649
11/8/16,Delaware,0.644
11/8/16,District of Columbia,0.607
11/8/16,Florida,0.656
11/8/16,Georgia,0.598
11/8/16,Hawaii,0.432
11/8/16,Idaho,0.609
11/8/16,Illinois,0.631
11/8/16,Indiana,0.579
11/8/16,Iowa,0.691
11/8/16,Kansas,0.597
11/8/16,Kentucky,0.596
11/8/16,Louisiana,0.606
11/8/16,Maine,0.729
11/8/16,Maryland,0.67
11/8/16,Massachusetts,0.683
11/8/16,Michigan,0.657
11/8/16,Minnesota,0.747
11/8/16,Mississippi,
11/8/16,Missouri,0.622
11/8/16,Montana,0.643
11/8/16,Nebraska,0.64
11/8/16,Nevada,0.574
11/8/16,New Hampshire,0.725
11/8/16,New Jersey,0.658
11/8/16,New Mexico,0.549
11/8/16,New York,0.572
11/8/16,North Carolina,0.649
11/8/16,North Dakota,0.617
11/8/16,Ohio,0.642
11/8/16,Oklahoma,
11/8/16,Oregon,0.68
11/8/16,Pennsylvania,
11/8/16,Rhode Island,0.597
11/8/16,South Carolina,0.573
11/8/16,South Dakota,0.6
11/8/16,Tennessee,0.518
11/8/16,Texas,0.514
11/8/16,United States,0.601
11/8/16,Utah,0.579
11/8/16,Vermont,0.648
11/8/16,Virginia,
11/8/16,Washington,0.657
11/8/16,West Virginia,
11/8/16,Wisconsin,
11/8/16,Wyoming,0.602
11/6/18,Alabama,0.47
11/6/18,Alaska,0.548
11/6/18,Arizona,0.474
11/6/18,Arkansas,0.413
11/6/18,California,0.493
11/6/18,Colorado,0.614
11/6/18,Connecticut,0.548
11/6/18,Delaware,0.512
11/6/18,District of Columbia,0.437
11/6/18,Florida,0.543
11/6/18,Georgia,0.541
11/6/18,Hawaii,0.395
11/6/18,Idaho,0.486
11/6/18,Illinois,0.515
11/6/18,Indiana,0.465
11/6/18,Iowa,0.579
11/6/18,Kansas,0.511
11/6/18,Kentucky,0.487
11/6/18,Louisiana,0.451
11/6/18,Maine,0.599
11/6/18,Maryland,0.542
11/6/18,Massachusetts,0.546
11/6/18,Michigan,0.577
11/6/18,Minnesota,0.642
11/6/18,Mississippi,0.438
11/6/18,Missouri,0.533
11/6/18,Montana,0.613
11/6/18,Nebraska,0.515
11/6/18,Nevada,0.465
11/6/18,New Hampshire,0.54
11/6/18,New Jersey,0.535
11/6/18,New Mexico,0.468
11/6/18,New York,0.457
11/6/18,North Carolina,0.49
11/6/18,North Dakota,0.587
11/6/18,Ohio,0.509
11/6/18,Oklahoma,0.421
11/6/18,Oregon,0.612
11/6/18,Pennsylvania,0.517
11/6/18,Rhode Island,0.475
11/6/18,South Carolina,0.445
11/6/18,South Dakota,0.531
11/6/18,Tennessee,0.447
11/6/18,Texas,0.456
11/6/18,United States,0.5
11/6/18,Utah,0.506
11/6/18,Vermont,0.557
11/6/18,Virginia,0.544
11/6/18,Washington,0.583
11/6/18,West Virginia,0.425
11/6/18,Wisconsin,0.614
11/6/18,Wyoming,0.479
2/3/20,Iowa,0.091
2/11/20,New Hampshire,0.424
2/22/20,Nevada,0.049
2/29/20,South Carolina,0.139
3/3/20,Alabama,0.324
3/3/20,Arkansas,0.206
3/3/20,California,0.377
3/3/20,Colorado,0.426
3/3/20,Maine,0.359
3/3/20,Massachusetts,0.337
3/3/20,Minnesota,0.217
3/3/20,North Carolina,0.281
3/3/20,Oklahoma,0.212
3/3/20,Tennessee,0.179
3/3/20,Texas,0.21
3/3/20,Utah,0.262
3/3/20,Vermont,0.394
3/3/20,Virginia,0.214
3/10/20,Idaho,0.18
3/10/20,Michigan,0.31
3/10/20,Mississippi,0.237
3/10/20,Missouri,0.212
3/10/20,North Dakota,0.026
3/10/20,Washington,0.418
3/14/20,Wyoming,
3/17/20,Arizona,0.12
3/17/20,Florida,0.195
3/17/20,Illinois,0.253
3/27/20,North Dakota,
4/4/20,Hawaii,0.035
4/7/20,Wisconsin,0.356
4/11/20,Alaska,0.038
4/18/20,Wyoming,0.036
4/28/20,Ohio,0.208
5/2/20,Kansas,0.071
5/12/20,Nebraska,0.358
5/19/20,Oregon,0.42
6/2/20,District of Columbia,0.216
6/2/20,Indiana,0.218
6/2/20,Iowa,0.23
6/2/20,Maryland,0.331
6/2/20,Montana,0.457
6/2/20,New Mexico,0.278
6/2/20,Pennsylvania,0.281
6/2/20,Rhode Island,0.157
6/2/20,South Dakota,0.239
6/9/20,Georgia,0.322
6/9/20,Nevada,0.225
6/9/20,South Carolina,0.196
6/9/20,West Virginia,0.322
6/23/20,Kentucky,0.303
6/23/20,New York,0.055
6/23/20,Virginia,0.087
6/30/20,Colorado,0.37
6/30/20,Oklahoma,0.238
6/30/20,Utah,
7/7/20,Delaware,0.175
7/7/20,New Jersey,0.238
7/11/20,Louisiana,0.14
7/14/20,Alabama,0.17
8/8/20,Hawaii,0.403
8/11/20,Connecticut,0.129
8/18/20,Florida,0.252
11/3/20,Alabama,0.618
11/3/20,Alaska,0.684
11/3/20,Arizona,0.686
11/3/20,Arkansas,0.565
11/3/20,California,0.686
11/3/20,Colorado,0.776
11/3/20,Connecticut,0.707
11/3/20,Delaware,0.701
11/3/20,District of Columbia,0.658
11/3/20,Florida,0.723
11/3/20,Georgia,0.682
11/3/20,Hawaii,0.557
11/3/20,Idaho,0.676
11/3/20,Illinois,0.661
11/3/20,Indiana,0.615
11/3/20,Iowa,0.729
11/3/20,Kansas,0.657
11/3/20,Kentucky,0.648
11/3/20,Louisiana,0.642
11/3/20,Maine,0.758
11/3/20,Maryland,0.699
11/3/20,Massachusetts,0.71
11/3/20,Michigan,0.735
11/3/20,Minnesota,0.798
11/3/20,Mississippi,0.604
11/3/20,Missouri,0.66
11/3/20,Montana,0.728
11/3/20,Nebraska,0.695
11/3/20,Nevada,0.661
11/3/20,New Hampshire,0.749
11/3/20,New Jersey,0.72
11/3/20,New Mexico,0.61
11/3/20,New York,0.611
11/3/20,North Carolina,0.728
11/3/20,North Dakota,0.634
11/3/20,Ohio,0.67
11/3/20,Oklahoma,0.553
11/3/20,Oregon,0.762
11/3/20,Pennsylvania,0.701
11/3/20,Rhode Island,0.631
11/3/20,South Carolina,0.659
11/3/20,South Dakota,0.664
11/3/20,Tennessee,0.597
11/3/20,Texas,0.608
11/3/20,United States,0.666
11/3/20,Utah,0.692
11/3/20,Vermont,0.722
11/3/20,Virginia,0.728
11/3/20,Washington,0.762
11/3/20,West Virginia,0.572
11/3/20,Wisconsin,0.753
11/3/20,Wyoming,0.653
11/8/22,United States,0.466
11/9/22,Alabama,0.377
11/10/22,Alaska,0.508
11/11/22,Arizona,0.494
11/12/22,Arkansas,0.419
11/13/22,California,0.435
11/14/22,Colorado,0.585
11/15/22,Connecticut,0.489
11/16/22,Delaware,0.432
11/17/22,District of Columbia,0.436
11/18/22,Florida,0.494
11/19/22,Georgia,0.526
11/20/22,Hawaii,0.411
11/21/22,Idaho,0.422
11/22/22,Illinois,0.464
11/23/22,Indiana,0.374
11/24/22,Iowa,0.523
11/25/22,Kansas,0.479
11/26/22,Kentucky,0.449
11/27/22,Louisiana,0.422
11/28/22,Maine,0.615
11/29/22,Maryland,0.462
11/30/22,Massachusetts,0.494
12/1/22,Michigan,0.593
12/2/22,Minnesota,0.61
12/3/22,Mississippi,0.329
12/4/22,Missouri,0.449
12/5/22,Montana,0.536
12/6/22,Nebraska,0.487
12/7/22,Nevada,0.463
12/8/22,New Hampshire,0.563
12/9/22,New Jersey,0.415
12/10/22,New Mexico,0.467
12/11/22,New York,0.435
12/12/22,North Carolina,0.481
12/13/22,North Dakota,0.429
12/14/22,Ohio,0.474
12/15/22,Oklahoma,0.401
12/16/22,Oregon,0.624
12/17/22,Pennsylvania,0.547
12/18/22,Rhode Island,0.439
12/19/22,South Carolina,0.434
12/20/22,South Dakota,0.542
12/21/22,Tennessee,0.313
12/22/22,Texas,0.425
12/23/22,Utah,0.469
12/24/22,Vermont,0.559
12/25/22,Virginia,0.481
12/26/22,Washington,0.559
12/27/22,West Virginia,0.357
12/28/22,Wisconsin,0.601
12/29/22,Wyoming,0.457